category,website,url
儒,国学网,http://www.guoxue.com/
儒,实修驿站-佛,http://www.shixiu.net/dujing/rujing/
儒,劝学网,http://www.quanxue.cn/index.htm
道,南怀瑾全集总目录,http://ns.foyuan.net/book/index.html
儒,古诗文网,http://www.gushiwen.org/
汉字,汉字叔叔,http://www.chineseetymology.org/CharacterEtymology.aspx?characterInput=%E8%BB%8A&submitButton1=Etymology
中医,中医世家,http://www.zysj.com.cn/index.html
中医,中医古籍,http://www.tcm100.com/zhongyiguji.aspx
佛,地藏经典,http://www.dizang.org/
佛,佛弟子文库,http://www.fodizi.net/
佛,佛教电子大藏经,http://grandsutras.org/html/SutraLinks.html
佛,佛门网,http://www.fomen123.com/
佛,慧海佛光,http://www.hhfg.org/
佛,圣贤教育网,http://www.sxjyqqw.org/
书画,书法屋,http://www.shufawu.com/